{
  "project_info": {
    "project_number": "93205381057",
    "firebase_url": "https://findfood-af0f7.firebaseio.com",
    "project_id": "findfood-af0f7",
    "storage_bucket": "findfood-af0f7.appspot.com"
  },
  "client": [
    {
      "client_info": {
        "mobilesdk_app_id": "1:93205381057:android:c9135bf4b131515b",
        "android_client_info": {
          "package_name": "com.anhtu.hongngoc.findfood"
        }
      },
      "oauth_client": [
        {
          "client_id": "93205381057-4kvvrle09ukvtd12if2s2uqn8criom0f.apps.googleusercontent.com",
          "client_type": 1,
          "android_info": {
            "package_name": "com.anhtu.hongngoc.findfood",
            "certificate_hash": "b9d31a9c2ad55821506766f84cd1e336a3482353"
          }
        },
        {
          "client_id": "93205381057-5g8qerea7c07fhgnd8d8or52j3duo6vv.apps.googleusercontent.com",
          "client_type": 3
        }
      ],
      "api_key": [
        {
          "current_key": "AIzaSyBXd8ZsFPw2_A1l3k0mBlRDY1k-1yL2xwo"
        }
      ],
      "services": {
        "analytics_service": {
          "status": 1
        },
        "appinvite_service": {
          "status": 2,
          "other_platform_oauth_client": [
            {
              "client_id": "93205381057-5g8qerea7c07fhgnd8d8or52j3duo6vv.apps.googleusercontent.com",
              "client_type": 3
            }
          ]
        },
        "ads_service": {
          "status": 2
        }
      }
    }
  ],
  "configuration_version": "1"
}