{
  "project_info": {
    "project_number": "937907916534",
    "firebase_url": "https://androiddemo-85675.firebaseio.com",
    "project_id": "androiddemo-85675",
    "storage_bucket": "androiddemo-85675.appspot.com"
  },
  "client": [
    {
      "client_info": {
        "mobilesdk_app_id": "1:937907916534:android:1790b2162f71e52f",
        "android_client_info": {
          "package_name": "com.hufi.hieupc.demofirebase"
        }
      },
      "oauth_client": [
        {
          "client_id": "937907916534-ajsoono0qim9tf2tch7eia6k10qg9rd8.apps.googleusercontent.com",
          "client_type": 1,
          "android_info": {
            "package_name": "com.hufi.hieupc.demofirebase",
            "certificate_hash": "d590696b3c76d01a13433d1c5a42487cb651cd02"
          }
        },
        {
          "client_id": "937907916534-g2jp9437sasf1ahqarph6bp3s0l4crgd.apps.googleusercontent.com",
          "client_type": 3
        }
      ],
      "api_key": [
        {
          "current_key": "AIzaSyD30GrkNM-Bx8MHGfjP9xQv1dg2dSpf1zo"
        }
      ],
      "services": {
        "analytics_service": {
          "status": 1
        },
        "appinvite_service": {
          "status": 2,
          "other_platform_oauth_client": [
            {
              "client_id": "937907916534-g2jp9437sasf1ahqarph6bp3s0l4crgd.apps.googleusercontent.com",
              "client_type": 3
            }
          ]
        },
        "ads_service": {
          "status": 2
        }
      }
    },
    {
      "client_info": {
        "mobilesdk_app_id": "1:937907916534:android:0df3d504ffb6ed92",
        "android_client_info": {
          "package_name": "com.hufi.qlrausach"
        }
      },
      "oauth_client": [
        {
          "client_id": "937907916534-fk07sjsl9i3t0llkhs7al02jdtkiluc3.apps.googleusercontent.com",
          "client_type": 1,
          "android_info": {
            "package_name": "com.hufi.qlrausach",
            "certificate_hash": "d590696b3c76d01a13433d1c5a42487cb651cd02"
          }
        },
        {
          "client_id": "937907916534-g2jp9437sasf1ahqarph6bp3s0l4crgd.apps.googleusercontent.com",
          "client_type": 3
        }
      ],
      "api_key": [
        {
          "current_key": "AIzaSyD30GrkNM-Bx8MHGfjP9xQv1dg2dSpf1zo"
        }
      ],
      "services": {
        "analytics_service": {
          "status": 1
        },
        "appinvite_service": {
          "status": 2,
          "other_platform_oauth_client": [
            {
              "client_id": "937907916534-g2jp9437sasf1ahqarph6bp3s0l4crgd.apps.googleusercontent.com",
              "client_type": 3
            }
          ]
        },
        "ads_service": {
          "status": 2
        }
      }
    }
  ],
  "configuration_version": "1"
}