{
  "project_info": {
    "project_number": "891736125987",
    "firebase_url": "https://giavangfirebase-89ad7.firebaseio.com",
    "project_id": "giavangfirebase-89ad7",
    "storage_bucket": "giavangfirebase-89ad7.appspot.com"
  },
  "client": [
    {
      "client_info": {
        "mobilesdk_app_id": "1:891736125987:android:2790b71dddcac7ed",
        "android_client_info": {
          "package_name": "com.example.giavangfirebase"
        }
      },
      "oauth_client": [
        {
          "client_id": "891736125987-ermpjjm9bkhitvhbukq101cqrl4h4ikl.apps.googleusercontent.com",
          "client_type": 3
        }
      ],
      "api_key": [
        {
          "current_key": "AIzaSyBiPD5V9affYvNf9oHqb4aDyBxb1YpL9Ek"
        }
      ],
      "services": {
        "appinvite_service": {
          "other_platform_oauth_client": [
            {
              "client_id": "891736125987-ermpjjm9bkhitvhbukq101cqrl4h4ikl.apps.googleusercontent.com",
              "client_type": 3
            }
          ]
        }
      }
    }
  ],
  "configuration_version": "1"
}