{
  "project_info": {
    "project_number": "730226551889",
    "firebase_url": "https://xeomcongnghe-eb517.firebaseio.com",
    "project_id": "xeomcongnghe-eb517",
    "storage_bucket": "xeomcongnghe-eb517.appspot.com"
  },
  "client": [
    {
      "client_info": {
        "mobilesdk_app_id": "1:730226551889:android:67a5827f2b030af0",
        "android_client_info": {
          "package_name": "com.example.btl"
        }
      },
      "oauth_client": [
        {
          "client_id": "730226551889-6i8dpapj0j6n1mb1ugvhcn1e6ss9d7j0.apps.googleusercontent.com",
          "client_type": 1,
          "android_info": {
            "package_name": "com.example.btl",
            "certificate_hash": "2832b58bc31a3321c7f61c40360d5875f0b3a5f3"
          }
        },
        {
          "client_id": "730226551889-qdn2v2ksfuaip8rp4q3i6umgf0fbi8j2.apps.googleusercontent.com",
          "client_type": 1,
          "android_info": {
            "package_name": "com.example.btl",
            "certificate_hash": "5be46e6478bd4252fdf9c257cc703162839b00a3"
          }
        },
        {
          "client_id": "730226551889-cj823cc8d0kpepd5fibsr8h5nbmdq88g.apps.googleusercontent.com",
          "client_type": 3
        }
      ],
      "api_key": [
        {
          "current_key": "AIzaSyAqv8zngFpnl_wiSuT5gmUVAQ6PrVICzIQ"
        }
      ],
      "services": {
        "analytics_service": {
          "status": 1
        },
        "appinvite_service": {
          "status": 2,
          "other_platform_oauth_client": [
            {
              "client_id": "730226551889-cj823cc8d0kpepd5fibsr8h5nbmdq88g.apps.googleusercontent.com",
              "client_type": 3
            }
          ]
        },
        "ads_service": {
          "status": 2
        }
      }
    }
  ],
  "configuration_version": "1"
}