{
  "project_info": {
    "project_number": "492437600752",
    "firebase_url": "https://foottaindatabase.firebaseio.com",
    "project_id": "foottaindatabase",
    "storage_bucket": "foottaindatabase.appspot.com"
  },
  "client": [
    {
      "client_info": {
        "mobilesdk_app_id": "1:492437600752:android:c9efffb2fe59623d46c535",
        "android_client_info": {
          "package_name": "com.attain.foottaindatabase"
        }
      },
      "oauth_client": [
        {
          "client_id": "492437600752-8cna4tfu072uc9jdklbg7p5pgjb4ta1e.apps.googleusercontent.com",
          "client_type": 1,
          "android_info": {
            "package_name": "com.attain.foottaindatabase",
            "certificate_hash": "b46748d2c6f19d006c90b7a83f56a9334b11d2cf"
          }
        },
        {
          "client_id": "492437600752-dlh7d75s7efpl8bta88mi7ipjhalulhs.apps.googleusercontent.com",
          "client_type": 3
        }
      ],
      "api_key": [
        {
          "current_key": "AIzaSyCZwoMEpco9SJvP6ZK1ju1omFjsFbCbbtU"
        }
      ],
      "services": {
        "appinvite_service": {
          "other_platform_oauth_client": [
            {
              "client_id": "492437600752-dlh7d75s7efpl8bta88mi7ipjhalulhs.apps.googleusercontent.com",
              "client_type": 3
            }
          ]
        }
      }
    }
  ],
  "configuration_version": "1"
}