{
  "project_info": {
    "project_number": "60948292455",
    "firebase_url": "https://mystoreseri.firebaseio.com",
    "project_id": "mystoreseri",
    "storage_bucket": "mystoreseri.appspot.com"
  },
  "client": [
    {
      "client_info": {
        "mobilesdk_app_id": "1:60948292455:android:2bce50d43de8d8da",
        "android_client_info": {
          "package_name": "com.androidcoban.mystore"
        }
      },
      "oauth_client": [
        {
          "client_id": "60948292455-leiosiknjrfmn9fl6hdkfarep87nn6m7.apps.googleusercontent.com",
          "client_type": 3
        }
      ],
      "api_key": [
        {
          "current_key": "AIzaSyC6xB7SjpRQ_nM_9eWG6vrxjHRukvevmLM"
        }
      ],
      "services": {
        "analytics_service": {
          "status": 1
        },
        "appinvite_service": {
          "status": 1,
          "other_platform_oauth_client": []
        },
        "ads_service": {
          "status": 2
        }
      }
    }
  ],
  "configuration_version": "1"
}